,danceability,energy,key,loudness,mode,speechiness,acousticness,instrumentalness,liveness,valence,tempo,duration_ms,time_signature,cluster
0,0.933,0.528,5,-6.472,0,0.162,0.112,0.329,0.163,0.756,109.975,214653,4,11
1,0.547,0.82,8,-6.728,1,0.0805,0.261,0.0,0.3,0.933,118.208,172867,4,7
2,0.274,0.949,11,-8.642,1,0.0896,0.0214,0.00778,0.218,0.497,100.346,406307,4,10
3,0.5,0.748,4,-9.072,1,0.0363,0.127,0.0,0.447,0.514,118.852,250987,4,12
4,0.451,0.962,0,-3.947,1,0.0734,0.0188,3.17e-06,0.277,0.377,131.435,323707,4,9
5,0.671,0.711,2,-7.813,1,0.0478,0.422,0.0,0.104,0.466,113.809,248440,4,12
6,0.564,0.932,11,-10.068,1,0.0554,0.013,0.169,0.349,0.619,112.937,146250,4,14
7,0.645,0.795,7,-12.095,1,0.0527,0.347,0.00389,0.104,0.535,112.067,251489,4,12
8,0.572,0.835,0,-6.219,1,0.0317,0.171,0.000377,0.0702,0.795,129.981,241600,4,5
9,0.534,0.887,0,-3.777,1,0.0345,0.0768,9.93e-05,0.325,0.72,122.494,249293,4,12
10,0.497,0.693,8,-7.024,1,0.0565,0.19,0.0,0.215,0.358,111.539,296493,3,13
11,0.392,0.402,0,-9.961,0,0.0536,0.288,0.0,0.243,0.228,143.883,354320,4,3
12,0.644,0.799,4,-10.856,0,0.0598,0.0821,0.00154,0.055,0.889,108.381,246573,4,12
13,0.357,0.653,9,-5.554,1,0.0654,0.0828,0.0,0.0844,0.522,176.647,259800,4,12
14,0.536,0.871,6,-7.564,0,0.0528,0.00286,8.77e-06,0.295,0.58,130.59,201280,4,1
15,0.507,0.942,7,-6.456,1,0.0588,0.00084,1.06e-05,0.176,0.623,146.28,241693,4,5
16,0.532,0.728,9,-9.079,0,0.0352,0.106,0.0108,0.0849,0.69,134.303,271000,4,0
17,0.518,0.761,0,-7.025,1,0.0452,0.158,0.00765,0.0715,0.576,118.738,170800,4,7
18,0.632,0.586,0,-11.333,1,0.0284,0.0983,0.581,0.0535,0.89,114.243,342173,4,9
19,0.562,0.609,3,-7.063,0,0.0271,0.0264,0.0,0.17,0.512,130.753,200213,4,1
20,0.388,0.338,10,-10.054,1,0.0329,0.652,3.73e-06,0.248,0.478,177.765,303373,4,13
21,0.482,0.786,7,-5.735,1,0.032,0.00321,8.88e-05,0.446,0.793,126.755,323000,4,9
22,0.409,0.92,11,-5.439,0,0.12,0.00719,0.00105,0.0823,0.37,145.085,290960,4,13
23,0.637,0.528,1,-9.837,1,0.0394,0.163,0.0,0.122,0.781,106.949,207573,4,11
24,0.563,0.865,5,-5.277,1,0.16,0.0472,0.000191,0.77,0.601,156.271,209413,4,11
25,0.257,0.803,7,-3.886,1,0.0411,0.137,0.0156,0.297,0.294,150.818,308667,4,13
26,0.445,0.706,8,-9.803,1,0.0461,0.234,0.000252,0.205,0.768,80.823,266720,4,0
27,0.829,0.792,2,-3.755,0,0.0668,0.726,5.83e-06,0.122,0.758,118.05,215507,4,11
28,0.573,0.902,6,-7.638,0,0.054,0.018,0.00125,0.0928,0.876,84.412,225280,4,11
29,0.307,0.433,1,-10.057,1,0.029,0.388,9.08e-05,0.332,0.224,160.9,266960,4,0
30,0.537,0.959,0,-3.002,0,0.0557,0.0704,1.8e-06,0.382,0.828,122.806,222707,4,11
31,0.442,0.745,2,-8.623,0,0.0741,0.084,2.18e-05,0.136,0.368,105.184,252240,4,12
32,0.64,0.663,0,-7.516,1,0.0374,0.201,0.00806,0.152,0.663,132.77,140773,4,14
33,0.338,0.34,9,-12.049,0,0.0339,0.58,0.0032,0.116,0.197,82.433,482830,4,2
34,0.548,0.691,4,-13.553,0,0.0369,0.015,0.106,0.144,0.667,137.145,261933,4,12
35,0.667,0.755,9,-7.246,1,0.069,0.0966,6.94e-05,0.0523,0.883,109.535,286220,4,13
36,0.502,0.924,4,-6.299,1,0.0503,0.0127,0.0,0.162,0.922,149.186,219667,4,11
37,0.596,0.605,7,-12.145,1,0.0255,0.181,0.000331,0.0863,0.886,97.798,283800,4,0
38,0.472,0.9,8,-6.406,0,0.0582,0.148,0.000297,0.34,0.42,95.826,214960,4,11
39,0.504,0.911,2,-2.97,1,0.0738,0.00512,0.0123,0.355,0.671,106.244,179760,4,1
40,0.295,0.584,9,-6.696,0,0.0345,0.000385,0.218,0.0996,0.228,117.2,271280,3,0
41,0.347,0.803,9,-4.923,1,0.0416,0.209,4.36e-06,0.116,0.672,85.362,281453,4,0
42,0.579,0.654,1,-12.421,0,0.0553,0.121,3.62e-06,0.0673,0.616,129.537,216467,4,11
43,0.727,0.834,2,-5.851,1,0.0496,0.165,0.0,0.105,0.816,131.7,194120,4,1
44,0.496,0.739,6,-7.193,1,0.0415,0.0211,0.00444,0.106,0.378,132.41,336000,4,9
45,0.408,0.48,9,-11.017,1,0.0266,0.155,1.82e-05,0.0877,0.19,156.344,294773,4,13
46,0.473,0.898,6,-4.797,0,0.0561,0.00783,0.0618,0.173,0.808,96.556,235547,4,5
47,0.54,0.982,4,-2.962,0,0.0458,0.435,3.37e-05,0.0457,0.91,126.294,265773,4,0
48,0.515,0.766,7,-12.768,1,0.0343,0.0249,0.00103,0.455,0.774,146.911,221000,4,11
49,0.336,0.792,9,-10.875,1,0.084,0.00351,0.00175,0.0437,0.427,155.587,355304,4,3
50,0.465,0.907,11,-6.404,0,0.113,0.0241,0.00118,0.13,0.681,117.293,238973,4,5
51,0.459,0.727,0,-11.777,1,0.0303,0.00614,0.0652,0.384,0.955,149.231,292173,1,13
52,0.596,0.448,5,-9.616,1,0.0396,0.365,5.3e-06,0.206,0.796,83.293,264504,4,12
53,0.554,0.74,9,-7.706,1,0.0803,0.698,6.9e-05,0.225,0.804,133.363,267173,4,0
54,0.524,0.955,0,-7.081,1,0.0411,0.00717,8.77e-06,0.659,0.869,133.849,253733,4,12
55,0.543,0.529,7,-9.717,1,0.0301,0.326,0.00269,0.709,0.746,85.126,313840,4,9
56,0.309,0.831,1,-8.288,1,0.036,0.488,0.00304,0.286,0.934,181.145,288160,4,13
57,0.371,0.758,7,-5.679,1,0.036,0.0958,0.0,0.116,0.452,77.81,239680,4,5
58,0.575,0.67,7,-10.39,1,0.0318,0.343,4.95e-06,0.129,0.74,139.191,211578,4,11
59,0.811,0.41,9,-8.214,1,0.0391,0.0365,6.63e-06,0.0799,0.626,103.965,254493,4,12
60,0.394,0.644,5,-10.996,1,0.0367,0.244,0.198,0.328,0.182,117.152,301560,4,13
61,0.705,0.806,0,-4.83,1,0.0814,0.229,0.0,0.0676,0.763,117.945,268693,4,0
62,0.427,0.15,5,-15.918,1,0.035,0.967,1.65e-05,0.227,0.378,86.828,181067,4,1
63,0.462,0.395,9,-9.376,1,0.0264,0.758,0.0,0.121,0.625,82.259,190160,4,1
64,0.731,0.867,11,-5.881,1,0.032,0.0395,0.0,0.0861,0.776,104.019,200373,4,1
65,0.653,0.631,9,-11.334,1,0.0461,0.299,0.00265,0.0627,0.516,156.32,381627,4,3
66,0.795,0.564,7,-10.482,1,0.0392,0.0934,0.000531,0.0631,0.961,124.166,203893,4,11
67,0.333,0.927,9,-8.55,0,0.0733,0.0029,0.000208,0.297,0.385,141.466,308120,4,13
68,0.377,0.681,7,-8.039,1,0.0298,0.00088,0.0023,0.0504,0.285,108.789,285133,4,0
69,0.726,0.474,1,-7.834,0,0.0491,0.803,0.0,0.258,0.57,116.027,235733,4,5
70,0.601,0.859,5,-5.263,1,0.0276,0.000359,0.00124,0.0871,0.446,125.145,258027,4,12
71,0.337,0.684,2,-7.674,1,0.0495,0.0319,6.57e-06,0.342,0.404,88.772,255600,4,12
72,0.536,0.901,9,-7.211,1,0.0374,0.00145,0.0186,0.06,0.666,87.559,276880,4,0
73,0.324,0.335,0,-15.595,1,0.0355,0.099,1.08e-06,0.0995,0.141,119.513,367000,4,3
74,0.532,0.767,7,-5.509,1,0.0574,0.00287,0.000513,0.39,0.755,127.361,210173,4,11
75,0.623,0.68,2,-13.255,1,0.0282,0.0056,0.000425,0.148,0.737,129.713,237093,4,5
76,0.604,0.614,9,-7.087,1,0.0317,0.0853,0.00403,0.108,0.592,129.137,242893,4,5
77,0.695,0.582,4,-11.35,1,0.0651,0.297,0.0,0.123,0.892,122.433,187067,4,1
78,0.505,0.476,2,-12.897,1,0.0711,0.25,0.00915,0.113,0.542,99.31,536227,4,2
79,0.64,0.651,4,-14.981,0,0.0517,0.142,0.28,0.0341,0.801,111.676,271573,4,0
80,0.608,0.768,1,-9.911,1,0.0364,0.101,1.41e-06,0.0942,0.748,132.699,211160,4,11
81,0.475,0.439,11,-15.039,0,0.0427,0.000146,0.000277,0.223,0.76,118.392,234867,4,5
82,0.579,0.508,2,-9.484,1,0.027,0.00574,0.000494,0.0575,0.609,147.125,391376,4,3
83,0.785,0.737,9,-5.306,1,0.0363,0.042,0.000107,0.108,0.971,125.447,218960,4,11
84,0.63,0.788,5,-6.7,1,0.0298,0.00322,0.0237,0.0883,0.63,120.059,241080,4,5
85,0.619,0.579,4,-9.307,1,0.0473,0.0152,6.4e-05,0.0858,0.69,127.224,225627,4,11
86,0.453,0.905,9,-4.001,1,0.115,0.36,0.000569,0.26,0.474,137.571,296200,4,13
87,0.645,0.598,1,-13.18,0,0.0335,0.221,3.53e-06,0.0721,0.913,105.929,227267,4,5
88,0.574,0.664,5,-11.5,1,0.0346,0.0737,0.0,0.22,0.936,122.956,215667,4,11
89,0.653,0.677,0,-12.244,1,0.0396,0.249,0.0,0.403,0.888,114.37,216533,4,11
90,0.765,0.476,7,-13.487,1,0.0329,0.0504,2.76e-06,0.165,0.965,114.02,178360,4,1
91,0.406,0.713,7,-5.49,1,0.0348,0.276,0.00354,0.112,0.577,164.444,365093,4,3
92,0.402,0.814,10,-4.954,1,0.14,0.0383,1.19e-06,0.266,0.516,170.02,272267,4,0
93,0.659,0.919,11,-2.658,1,0.0333,0.155,0.0054,0.312,0.631,123.135,221627,4,11
94,0.39,0.589,9,-9.363,1,0.0384,0.258,3.91e-05,0.069,0.599,166.093,377413,4,3
95,0.393,0.542,7,-9.545,1,0.0318,0.202,0.0148,0.187,0.666,189.647,180067,4,1
96,0.523,0.758,2,-9.81,1,0.0403,0.133,0.0,0.0952,0.766,135.437,277267,4,0
97,0.575,0.912,7,-7.275,0,0.0393,0.0916,0.00211,0.0562,0.843,117.399,207267,4,11
98,0.561,0.754,9,-12.769,0,0.112,0.61,0.0194,0.328,0.642,100.08,282693,4,0
99,0.858,0.544,0,-9.289,1,0.0751,0.583,0.00109,0.0707,0.874,108.217,166280,4,7
100,0.726,0.463,0,-7.828,1,0.0799,0.00817,0.447,0.255,0.321,123.881,231733,4,5
101,0.702,0.668,9,-9.237,1,0.214,0.518,0.0,0.0588,0.561,116.063,378147,4,3
102,0.464,0.795,1,-9.267,1,0.0926,0.0493,0.00244,0.399,0.612,158.691,202267,4,1
103,0.449,0.908,8,-6.131,1,0.0853,0.0833,0.0,0.0971,0.495,139.083,289813,4,13
104,0.535,0.651,10,-6.326,1,0.0544,0.391,0.0,0.133,0.612,117.218,179600,4,1
105,0.744,0.502,5,-7.719,1,0.0359,0.183,0.000228,0.189,0.66,112.344,348227,4,9
106,0.632,0.565,9,-9.948,0,0.0328,0.267,0.0,0.0816,0.462,90.79,246640,4,12
107,0.746,0.79,11,-4.7,0,0.0257,0.0485,0.0261,0.0534,0.891,107.231,220867,4,11
108,0.321,0.474,5,-9.383,1,0.0348,0.743,0.0,0.204,0.804,121.199,162093,4,7
109,0.689,0.548,5,-9.391,0,0.0956,0.153,0.000585,0.121,0.57,155.583,253781,4,12
110,0.601,0.649,7,-10.57,1,0.0554,0.0285,7.71e-05,0.127,0.708,121.66,201133,4,1
111,0.659,0.585,7,-8.189,1,0.0288,0.623,0.000213,0.348,0.784,104.111,158427,4,7
112,0.72,0.912,4,-6.13,1,0.0363,0.551,0.00122,0.0982,0.973,122.782,126947,4,14
113,0.693,0.497,2,-7.316,1,0.119,0.679,0.0,0.258,0.473,81.308,122067,4,14
114,0.6,0.608,0,-12.271,1,0.0458,0.696,1.16e-06,0.215,0.783,77.147,164373,4,7
115,0.652,0.527,5,-12.391,0,0.119,0.0503,0.0,0.106,0.555,156.389,214360,4,11
116,0.31,0.403,0,-13.664,1,0.0326,0.0726,9.27e-05,0.139,0.466,134.48,318027,4,9
117,0.433,0.915,4,-5.095,1,0.0838,0.00151,0.0,0.361,0.882,176.997,291600,4,13
118,0.751,0.501,5,-12.151,1,0.0551,0.234,0.112,0.0467,0.902,167.057,190627,4,1
119,0.726,0.449,0,-9.206,1,0.0286,0.487,1.34e-06,0.0824,0.294,130.388,241333,4,5
120,0.654,0.903,0,-5.252,1,0.0798,0.0222,0.0,0.241,0.607,129.442,205227,4,11
121,0.733,0.71,5,-5.849,0,0.0292,0.145,0.115,0.0956,0.965,127.975,239600,4,5
122,0.385,0.783,9,-2.533,1,0.233,0.000269,0.47,0.108,0.902,176.701,134467,4,14
123,0.523,0.341,4,-14.034,1,0.0388,0.313,0.000114,0.621,0.355,77.487,313373,4,9
124,0.55,0.722,11,-11.729,0,0.0283,0.25,0.0129,0.11,0.716,103.886,434720,4,10
125,0.675,0.166,11,-22.602,1,0.171,0.88,7.14e-05,0.0461,0.747,68.837,294400,4,13
126,0.268,0.459,7,-6.948,0,0.0346,0.378,0.0,0.119,0.172,64.223,179200,4,1
127,0.727,0.939,8,-11.855,1,0.0369,0.135,4.35e-05,0.151,0.916,113.33,212827,4,11
128,0.714,0.937,6,-2.947,1,0.0399,0.206,0.0,0.0731,0.964,124.13,194147,4,1
129,0.331,0.55,0,-6.483,1,0.0272,0.605,3.96e-06,0.192,0.429,177.734,339000,3,9
130,0.526,0.509,7,-10.893,1,0.0628,0.6,0.0,0.144,0.497,138.318,515867,4,2
131,0.508,0.774,2,-5.973,1,0.0321,0.0586,4.87e-06,0.063,0.942,178.946,141600,4,14
132,0.674,0.785,11,-6.126,0,0.0535,0.127,7.9e-05,0.0764,0.853,105.543,300200,4,13
133,0.824,0.739,0,-7.198,1,0.0602,0.24,1.43e-06,0.0866,0.954,139.344,275293,4,0
134,0.602,0.784,11,-7.976,0,0.0313,0.00398,0.0852,0.0931,0.918,133.019,263973,4,12
135,0.537,0.685,1,-8.935,0,0.0333,0.0705,0.0,0.0839,0.542,120.965,281227,4,0
136,0.545,0.67,9,-8.81,1,0.0496,0.009,0.000822,0.0451,0.481,151.553,270213,4,0
137,0.65,0.759,1,-4.932,1,0.0355,0.353,0.0,0.155,0.943,121.454,212840,4,11
138,0.716,0.625,1,-11.369,0,0.0601,0.396,1.97e-05,0.134,0.826,125.276,186827,4,1
139,0.697,0.813,11,-8.89,0,0.0315,0.0989,0.0232,0.583,0.85,95.301,180027,4,1
140,0.618,0.748,0,-8.905,1,0.361,0.0384,4.1e-06,0.0477,0.662,134.001,191500,4,1
141,0.598,0.643,5,-6.303,1,0.134,0.5,0.0,0.0435,0.823,167.971,144333,4,14
142,0.653,0.719,10,-5.262,1,0.0363,0.684,0.0,0.408,0.682,136.153,178046,4,7
143,0.754,0.449,4,-14.013,1,0.0615,0.724,0.0,0.162,0.973,82.751,211880,4,11
144,0.758,0.378,8,-15.308,0,0.0449,0.284,0.0,0.049,0.985,120.736,223867,4,11
145,0.412,0.782,2,-9.186,0,0.058,0.308,0.00822,0.0775,0.705,96.732,198707,4,1
146,0.573,0.939,8,-6.441,1,0.0808,0.493,0.0,0.0994,0.963,137.382,134253,4,14
147,0.619,0.603,9,-9.481,1,0.0342,0.712,0.0,0.0721,0.958,127.433,178933,4,1
148,0.436,0.375,6,-13.856,1,0.0284,0.165,0.0,0.294,0.49,107.386,184880,4,1
149,0.556,0.161,11,-13.944,1,0.0297,0.505,4.36e-05,0.28,0.588,126.534,201800,4,1
150,0.553,0.738,0,-7.963,1,0.0457,0.213,0.0,0.339,0.759,138.602,125827,4,14
151,0.491,0.583,7,-10.964,1,0.0376,0.185,0.0,0.406,0.908,150.566,183307,4,1
152,0.693,0.394,0,-15.882,1,0.0428,0.0782,0.000694,0.247,0.721,104.114,238747,4,5
153,0.502,0.89,4,-5.175,1,0.0364,0.000147,0.0117,0.217,0.259,133.52,292880,4,13
154,0.754,0.759,9,-5.218,1,0.302,0.153,0.000108,0.101,0.435,126.366,214667,4,11
155,0.574,0.913,6,-4.793,0,0.133,0.061,0.00158,0.156,0.423,115.728,208400,4,11
156,0.31,0.7,9,-5.678,1,0.047,0.011,0.00965,0.0828,0.763,188.386,255493,4,12
157,0.457,0.904,2,-5.303,1,0.0747,0.000239,0.0879,0.396,0.48,141.038,317427,4,9
158,0.482,0.617,4,-12.931,0,0.0458,0.00543,0.000146,0.284,0.718,125.697,252493,4,12
159,0.638,0.961,4,-6.64,0,0.0368,0.113,9.01e-06,0.352,0.775,89.742,205907,4,11
160,0.446,0.239,0,-13.945,1,0.0316,0.551,4.1e-06,0.0697,0.298,189.507,336453,4,9
161,0.743,0.47,0,-13.154,1,0.029,0.0936,3.15e-05,0.186,0.89,116.122,160333,4,7
162,0.79,0.504,3,-8.23,1,0.122,0.83,0.0,0.0563,0.924,118.962,139154,4,14
163,0.453,0.987,8,-4.485,1,0.0889,0.0195,0.283,0.268,0.316,123.544,273480,4,0
164,0.529,0.932,7,-7.501,1,0.0488,0.00251,0.00109,0.136,0.571,138.158,201693,4,1
165,0.815,0.438,0,-14.522,0,0.0346,0.216,0.000466,0.0787,0.552,108.965,243773,4,5
166,0.752,0.684,0,-7.599,1,0.15,0.0994,0.0,0.0897,0.539,141.075,176440,4,7
167,0.517,0.535,0,-12.027,1,0.0494,0.131,0.0,0.085,0.933,135.087,215067,4,11
168,0.32,0.62,0,-9.686,1,0.0594,0.64,6.36e-05,0.253,0.472,86.327,448720,4,10
169,0.526,0.978,8,-5.436,1,0.108,0.00122,4.75e-05,0.0744,0.451,141.167,210227,4,11
170,0.632,0.727,11,-11.209,0,0.0438,0.0119,7.64e-05,0.0678,0.499,124.919,278627,4,0
171,0.617,0.435,5,-13.547,1,0.0256,0.178,0.0,0.0822,0.601,84.382,256667,4,12
172,0.384,0.846,7,-5.591,1,0.0365,0.151,7.73e-05,0.0913,0.272,90.172,275693,4,0
173,0.437,0.864,4,-7.842,0,0.0904,0.396,0.0314,0.242,0.749,81.394,295387,4,13
174,0.533,0.637,6,-5.571,1,0.0323,0.16,1.12e-05,0.369,0.292,140.167,260173,4,12
175,0.559,0.473,5,-7.712,1,0.0279,0.446,0.00141,0.154,0.397,121.227,192827,4,1
176,0.487,0.246,9,-14.104,0,0.0376,0.414,0.0,0.0983,0.0562,61.084,251107,4,12
177,0.617,0.533,3,-11.516,0,0.0651,0.0891,4.04e-06,0.0415,0.835,158.86,244707,4,5
178,0.829,0.839,1,-5.251,1,0.0443,0.0993,0.0201,0.0491,0.96,121.589,221093,4,11
179,0.609,0.777,7,-5.853,1,0.0377,0.126,0.0,0.519,0.682,149.252,219373,4,11
180,0.823,0.417,2,-12.643,1,0.032,0.562,0.00098,0.0765,0.522,111.928,276280,4,0
181,0.728,0.855,2,-6.031,1,0.0333,0.109,0.000576,0.113,0.971,133.887,184717,4,1
182,0.731,0.738,9,-8.125,0,0.0377,0.184,0.0,0.214,0.958,117.656,236920,4,5
183,0.516,0.549,6,-13.741,1,0.0373,0.501,0.00572,0.184,0.907,176.941,288733,4,13
184,0.701,0.758,1,-5.568,1,0.0405,0.004,0.0,0.13,0.344,135.188,300213,4,13
185,0.799,0.506,2,-9.414,1,0.0606,0.0453,0.00107,0.0365,0.518,140.309,242667,4,5
186,0.728,0.619,9,-12.265,1,0.0379,0.0884,8.44e-05,0.039,0.747,128.845,287360,4,13
187,0.751,0.703,9,-5.687,1,0.0287,0.368,0.00123,0.196,0.907,97.931,185960,4,1
188,0.613,0.928,1,-7.607,1,0.0396,0.016,0.000443,0.334,0.67,115.169,285667,4,13
189,0.721,0.521,2,-8.123,1,0.0613,0.0708,0.00545,0.127,0.942,123.118,261413,4,12
190,0.542,0.45,7,-9.931,0,0.0361,0.558,6.43e-06,0.579,0.626,144.437,153840,4,7
191,0.763,0.629,9,-9.947,1,0.0322,0.013,0.0585,0.0756,0.973,126.477,219200,4,11
192,0.631,0.932,5,-4.142,1,0.0354,0.0436,0.137,0.0918,0.971,122.429,213067,4,11
193,0.743,0.836,2,-6.465,1,0.116,0.0804,0.0,0.384,0.82,113.375,188987,4,1
194,0.661,0.908,5,-4.897,1,0.039,0.052,0.0,0.0708,0.656,144.091,296080,4,13
195,0.768,0.829,5,-5.109,1,0.0313,0.0964,2.92e-05,0.097,0.962,118.773,234333,4,5
196,0.397,0.861,4,-12.156,1,0.0569,0.00201,2.49e-05,0.35,0.512,121.856,278827,4,0
197,0.744,0.798,7,-5.981,1,0.0364,0.175,0.00367,0.26,0.89,125.061,268507,4,0
198,0.797,0.872,9,-6.727,0,0.0575,0.291,0.0,0.284,0.866,129.885,222427,4,11
199,0.668,0.779,9,-11.089,1,0.0325,0.0025,0.000347,0.139,0.963,140.873,245467,4,5
200,0.516,0.776,6,-6.409,1,0.0412,0.399,0.00128,0.21,0.859,177.399,288333,4,13
201,0.851,0.551,4,-5.177,1,0.0396,0.151,0.0,0.0827,0.807,131.922,219467,4,11
202,0.558,0.768,2,-9.997,1,0.0343,0.121,0.0626,0.128,0.429,81.909,259500,4,12
203,0.701,0.944,4,-2.986,1,0.0455,0.0755,0.0,0.601,0.792,128.993,197707,4,1
204,0.508,0.834,2,-6.205,1,0.0386,0.0183,0.0,0.0732,0.774,139.131,216053,4,11
205,0.619,0.939,1,-6.787,1,0.0397,0.0173,0.000355,0.327,0.677,115.164,286320,4,13
206,0.85,0.938,9,-6.889,0,0.0415,0.409,0.000346,0.0582,0.84,120.826,217200,4,11
207,0.623,0.94,0,-5.731,1,0.0365,0.202,0.00184,0.0472,0.837,131.037,210133,4,11
208,0.701,0.803,5,-6.786,0,0.0545,0.0544,1.54e-06,0.7,0.903,133.608,320680,4,9
209,0.795,0.63,10,-7.217,0,0.0841,0.0419,0.575,0.0894,0.785,108.701,181107,4,1
210,0.525,0.882,5,-4.479,1,0.0467,0.0252,0.0,0.101,0.623,101.674,164867,4,7
211,0.543,0.482,4,-12.789,1,0.194,0.0853,9.22e-05,0.111,0.415,193.513,284773,4,0
212,0.511,0.942,0,-10.407,1,0.0429,0.174,1.87e-05,0.139,0.498,97.909,393667,4,3
213,0.565,0.764,1,-9.43,1,0.0351,0.0139,0.00488,0.079,0.686,100.891,277480,4,0
214,0.41,0.874,0,-4.286,1,0.0907,0.197,0.0,0.0843,0.824,107.08,205933,4,11
215,0.694,0.577,4,-14.63,1,0.0308,0.015,0.00836,0.0853,0.845,114.478,275733,4,0
216,0.901,0.654,10,-10.15,1,0.0655,0.2,0.0,0.165,0.781,110.131,180240,4,1
217,0.641,0.894,8,-7.41,1,0.0273,0.0857,0.009,0.157,0.972,109.823,199453,4,1
218,0.661,0.552,10,-12.385,1,0.0337,0.214,0.0,0.206,0.928,92.056,252760,4,12
219,0.685,0.571,2,-11.623,1,0.0299,0.335,2.38e-06,0.214,0.869,121.737,184173,4,1
220,0.696,0.89,5,-6.819,1,0.0441,0.055,0.0596,0.5,0.922,98.742,252227,4,12
221,0.66,0.882,2,-6.405,1,0.0333,0.0167,0.028,0.0965,0.914,131.353,213093,4,11
222,0.601,0.532,10,-9.119,1,0.0286,0.432,6.25e-06,0.0925,0.341,136.571,281613,4,0
223,0.805,0.479,4,-14.734,1,0.0436,0.0627,0.000143,0.104,0.962,128.411,201293,4,1
224,0.48,0.536,2,-11.166,1,0.0427,0.488,4.22e-05,0.155,0.581,80.617,508200,3,2
225,0.439,0.734,2,-12.168,1,0.097,0.262,0.333,0.244,0.54,145.703,212893,4,11
226,0.481,0.733,5,-7.633,1,0.165,0.575,1.18e-05,0.108,0.874,122.909,140427,4,14
227,0.638,0.867,2,-6.469,1,0.0331,0.144,0.000733,0.0846,0.805,115.692,243373,4,5
228,0.551,0.86,7,-7.839,1,0.0796,0.262,4.57e-06,0.0558,0.723,136.921,141507,4,14
229,0.712,0.967,7,-5.206,1,0.047,0.0771,0.0,0.356,0.895,145.024,287733,4,13
230,0.56,0.965,11,-2.341,1,0.0409,0.121,6.23e-06,0.169,0.964,162.825,149787,4,14
231,0.511,0.644,4,-12.191,1,0.0352,0.173,6.17e-05,0.0928,0.828,128.067,207667,4,11
232,0.689,0.527,5,-9.934,1,0.0314,0.194,0.0784,0.278,0.777,110.519,155640,4,7
233,0.701,0.471,0,-8.072,1,0.0421,0.647,0.0,0.125,0.69,117.564,152160,4,14
234,0.526,0.775,0,-6.05,1,0.0352,0.707,2.05e-05,0.217,0.962,80.106,167373,4,7
235,0.396,0.473,10,-7.67,0,0.0345,0.326,0.000124,0.109,0.385,133.449,219027,4,11
236,0.72,0.391,2,-16.595,1,0.0342,0.163,8.29e-05,0.046,0.786,120.794,187227,4,1
237,0.801,0.446,10,-14.605,1,0.0735,0.74,0.038,0.0832,0.925,97.898,213000,4,11
238,0.332,0.623,9,-12.363,1,0.08,0.222,0.000895,0.278,0.413,183.097,474360,4,2
239,0.504,0.918,0,-3.463,1,0.0517,0.00164,2.12e-05,0.78,0.539,92.031,294827,4,13
240,0.249,0.834,0,-8.21,1,0.0577,0.0738,9.48e-05,0.0924,0.338,118.223,547107,4,2
241,0.381,0.358,0,-12.423,1,0.0365,0.524,0.169,0.0747,0.036,133.271,451681,4,10
242,0.592,0.0195,1,-33.35,1,0.0369,0.361,0.839,0.108,0.0313,119.504,65314,4,4
243,0.431,0.373,11,-15.142,0,0.0346,0.389,0.728,0.143,0.253,128.153,169535,4,7
244,0.389,0.563,9,-21.191,1,0.0622,0.65,0.903,0.104,0.134,165.393,225385,4,11
245,0.359,0.48,9,-11.79,1,0.0841,0.521,0.0043,0.178,0.355,120.285,413947,4,10
246,0.274,0.217,5,-13.814,1,0.0345,0.767,0.896,0.0832,0.181,116.334,283872,4,0
247,0.468,0.536,11,-10.422,0,0.144,0.024,0.00199,0.269,0.785,126.256,382834,1,3
248,0.357,0.302,2,-14.526,1,0.0303,0.862,0.559,0.634,0.135,72.518,469224,4,2
249,0.277,0.672,0,-12.582,1,0.0901,0.197,0.936,0.423,0.505,150.587,206429,4,11
250,0.324,0.265,2,-13.398,1,0.0302,0.0732,0.341,0.366,0.208,133.568,226667,4,5
251,0.359,0.577,10,-10.804,1,0.0397,0.0589,0.751,0.0686,0.141,68.064,130429,4,14
252,0.623,0.315,9,-12.321,1,0.0475,0.709,0.0,0.0874,0.625,110.38,143133,4,14
253,0.702,0.772,9,-9.677,1,0.0277,0.0312,0.00837,0.0809,0.973,141.694,154120,4,7
254,0.489,0.577,10,-9.765,1,0.042,0.233,0.0,0.123,0.519,78.112,222951,4,11
255,0.607,0.662,4,-9.456,1,0.0278,0.0951,8.27e-05,0.125,0.629,107.643,225853,4,5
256,0.751,0.796,9,-8.823,1,0.0604,0.449,0.000207,0.338,0.815,138.64,197360,4,1
257,0.292,0.324,3,-11.996,1,0.0346,0.797,0.000473,0.12,0.384,176.631,201373,3,1
258,0.664,0.88,2,-5.009,0,0.0326,0.465,1.63e-05,0.0591,0.895,133.898,210760,4,11
259,0.579,0.872,0,-6.126,1,0.159,0.159,0.0,0.0935,0.761,76.214,235560,4,5
260,0.52,0.737,0,-11.715,1,0.0972,0.156,7.55e-06,0.0866,0.728,149.861,243493,4,5
261,0.567,0.945,9,-7.243,1,0.0458,0.175,2.6e-06,0.35,0.961,150.792,253200,4,12
262,0.741,0.647,2,-12.878,1,0.0427,0.108,0.00139,0.0555,0.804,131.097,284000,4,0
263,0.509,0.382,0,-9.441,1,0.0351,0.0466,0.0,0.112,0.427,105.764,318000,4,9
264,0.781,0.672,2,-7.474,1,0.108,0.245,0.0,0.161,0.854,90.609,279000,4,0
265,0.566,0.518,5,-12.644,1,0.0283,0.178,9.67e-06,0.187,0.659,93.132,193440,4,1
266,0.495,0.142,11,-16.186,0,0.0436,0.97,1.93e-06,0.113,0.196,75.859,169227,4,7
267,0.626,0.565,9,-10.027,1,0.0271,0.124,0.0,0.0811,0.924,116.61,233507,4,5
268,0.731,0.804,11,-7.621,0,0.0473,0.172,0.00028,0.0685,0.957,107.383,205933,4,11
269,0.264,0.294,7,-11.941,0,0.028,0.772,0.686,0.107,0.0402,137.937,811077,3,6
270,0.419,0.677,4,-6.183,1,0.0343,0.00101,9.99e-05,0.211,0.684,127.678,303587,4,13
271,0.777,0.948,7,-3.648,1,0.0479,0.127,5.36e-06,0.0708,0.973,142.359,231347,4,5
272,0.403,0.777,5,-6.416,1,0.0354,0.0999,3.28e-06,0.124,0.149,76.329,240933,4,5
273,0.806,0.462,2,-12.778,1,0.0298,0.78,0.0134,0.15,0.736,92.726,191227,4,1
274,0.668,0.906,11,-4.881,0,0.17,0.214,0.00245,0.135,0.507,135.653,231933,4,5
275,0.24,0.615,2,-14.117,1,0.0677,0.171,0.0125,0.0801,0.768,166.657,334000,4,9
276,0.654,0.506,11,-17.18,0,0.0535,0.686,0.0155,0.155,0.831,123.179,252240,4,12
277,0.859,0.568,4,-12.516,0,0.0387,0.29,0.0,0.31,0.936,129.72,237467,4,5
278,0.402,0.76,4,-5.332,1,0.0344,0.148,0.000225,0.128,0.714,135.947,197227,4,1
279,0.612,0.761,2,-5.929,1,0.0283,0.104,0.0002,0.122,0.838,130.707,211680,4,11
280,0.39,0.513,0,-10.406,1,0.0279,0.584,0.282,0.141,0.499,92.242,313893,4,9
281,0.528,0.472,7,-10.428,1,0.0267,0.583,0.0,0.129,0.251,134.099,183187,3,1
282,0.395,0.647,9,-12.074,0,0.0376,0.207,3.29e-05,0.113,0.632,75.824,308600,4,13
283,0.461,0.284,11,-14.342,0,0.0389,0.69,0.000339,0.0785,0.185,123.277,327933,4,9
284,0.505,0.312,4,-14.009,0,0.0326,0.734,2.07e-05,0.101,0.511,150.343,174440,4,7
285,0.572,0.726,2,-10.372,1,0.0347,0.0463,2.8e-05,0.175,0.694,97.447,149867,4,14
286,0.646,0.531,7,-10.785,1,0.0671,0.528,0.0133,0.0836,0.655,172.02,209867,4,11
287,0.695,0.237,3,-13.509,1,0.0295,0.772,0.0259,0.145,0.429,105.746,201840,4,1
288,0.547,0.257,0,-12.358,1,0.0252,0.907,0.183,0.0935,0.169,75.752,187867,4,1
289,0.568,0.75,2,-8.913,1,0.0466,0.0731,0.0,0.121,0.407,75.82,140440,4,14
290,0.567,0.893,7,-8.88,1,0.0311,0.0242,0.0,0.0343,0.774,102.708,246973,4,12
291,0.536,0.869,4,-4.91,0,0.0597,0.000732,0.000374,0.337,0.493,166.383,288533,4,13
292,0.68,0.678,1,-11.548,1,0.0754,0.103,0.00828,0.204,0.251,131.165,252773,4,12
293,0.768,0.716,2,-12.922,1,0.0625,0.0658,0.00213,0.0379,0.961,157.935,158107,4,7
294,0.768,0.852,4,-6.215,1,0.038,0.213,7.45e-05,0.0723,0.867,128.374,271240,4,0
295,0.65,0.732,4,-10.042,1,0.0289,0.435,0.0,0.093,0.919,109.292,192960,4,1
296,0.543,0.944,6,-7.495,1,0.0543,0.402,0.000564,0.0373,0.735,101.174,279440,4,0
297,0.529,0.843,6,-6.908,0,0.0616,0.0628,0.000827,0.0608,0.188,117.662,310333,4,13
298,0.582,0.81,1,-7.024,0,0.0396,0.0338,1.68e-05,0.202,0.875,151.006,290280,4,13
299,0.27,0.944,4,-4.199,1,0.0975,0.00501,2.05e-05,0.116,0.606,146.347,269920,4,0
300,0.547,0.308,0,-11.75,1,0.0377,0.505,0.0,0.109,0.41,114.719,217747,4,11
301,0.665,0.673,0,-7.95,1,0.0493,0.259,7.62e-06,0.497,0.779,132.642,322549,4,9
302,0.531,0.818,2,-5.358,1,0.0452,0.0694,0.0096,0.263,0.471,90.767,248173,4,12
303,0.481,0.262,7,-15.73,1,0.0414,0.735,0.0114,0.832,0.375,122.861,334744,4,9
304,0.767,0.854,4,-6.947,1,0.0426,0.465,2.03e-06,0.485,0.963,149.206,234653,4,5
305,0.403,0.709,9,-9.366,1,0.0885,0.0746,0.494,0.132,0.654,97.161,254133,4,12
306,0.415,0.931,5,-4.988,1,0.126,0.407,0.000501,0.114,0.339,97.953,456893,4,10
307,0.392,0.629,0,-8.885,1,0.0447,0.562,6.12e-05,0.374,0.539,146.657,437040,4,10
308,0.631,0.749,7,-8.15,1,0.0576,0.205,5.21e-06,0.0667,0.437,89.646,247627,4,12
309,0.442,0.157,7,-13.791,1,0.0324,0.948,0.0,0.224,0.22,76.48,214400,4,11
310,0.506,0.373,0,-9.473,1,0.0347,0.495,3.72e-05,0.324,0.195,121.268,362400,4,3
311,0.552,0.265,10,-15.482,1,0.0332,0.415,0.0,0.107,0.212,135.476,233507,4,5
312,0.694,0.477,10,-10.524,1,0.0268,0.586,2.99e-05,0.0812,0.369,128.26,301920,4,13
313,0.529,0.912,3,-5.683,0,0.0459,0.242,0.0,0.215,0.667,157.35,215600,4,11
314,0.742,0.788,1,-10.803,1,0.0669,0.0862,0.00768,0.292,0.514,130.849,197907,4,1
315,0.598,0.673,2,-10.431,1,0.0693,0.0422,6.84e-05,0.289,0.59,102.035,197693,4,1
316,0.613,0.953,2,-3.435,1,0.0855,0.00148,0.000582,0.152,0.537,105.046,213800,4,11
317,0.757,0.73,2,-7.388,1,0.0274,0.402,0.0,0.114,0.962,122.382,167277,4,7
318,0.98,0.535,2,-16.035,1,0.058,0.027,1.68e-06,0.104,0.675,115.744,271467,4,0
319,0.543,0.912,7,-10.71,1,0.0601,0.00162,2.1e-06,0.0565,0.836,103.731,256733,4,12
320,0.718,0.32,2,-9.87,1,0.036,0.674,0.293,0.12,0.522,138.146,139467,4,14
321,0.674,0.686,2,-11.927,1,0.0597,0.29,0.00322,0.189,0.814,124.204,187173,4,1
322,0.445,0.955,8,-8.027,1,0.0856,0.0326,0.284,0.317,0.336,123.343,273600,4,0
323,0.694,0.4,2,-11.491,1,0.0727,0.0402,0.0176,0.529,0.38,129.813,184840,4,1
324,0.71,0.314,11,-10.666,0,0.082,0.000292,0.785,0.0857,0.401,129.124,193253,4,1
325,0.477,0.471,6,-10.036,1,0.0277,0.193,1.76e-06,0.131,0.423,81.204,304787,4,13
326,0.532,0.441,2,-12.866,1,0.0434,0.228,0.0,0.0846,0.67,169.275,255267,4,12
327,0.573,0.893,0,-6.522,1,0.0566,0.764,0.533,0.903,0.542,112.129,171747,4,7
328,0.686,0.609,10,-11.469,0,0.0444,0.258,0.00015,0.113,0.719,127.736,320528,4,9
329,0.532,0.495,10,-6.662,1,0.0343,0.659,0.0,0.0754,0.308,124.936,214240,4,11
330,0.644,0.919,2,-6.289,1,0.0561,0.181,0.134,0.622,0.871,117.459,259907,4,12
331,0.647,0.889,9,-4.869,1,0.0302,0.0186,0.0,0.375,0.952,137.41,219773,4,11
332,0.714,0.935,5,-5.195,1,0.0849,0.0529,0.0934,0.0515,0.725,121.232,263107,4,12
333,0.596,0.657,4,-8.784,0,0.0345,0.235,0.0139,0.102,0.774,175.263,264573,4,12
334,0.724,0.498,11,-13.083,0,0.0423,0.0405,8.56e-05,0.0761,0.823,88.825,273173,4,0
335,0.365,0.513,7,-13.034,0,0.0357,0.0208,0.000147,0.205,0.739,80.647,331200,4,9
336,0.527,0.942,1,-5.64,0,0.0366,0.0115,0.0,0.188,0.495,148.723,241307,4,5
337,0.82,0.452,1,-9.796,1,0.0348,0.543,0.00294,0.0714,0.74,117.401,253920,4,12
338,0.582,0.689,7,-12.203,1,0.0277,0.607,0.0571,0.145,0.531,111.166,297853,4,13
339,0.739,0.576,1,-12.024,1,0.0472,0.122,0.00206,0.0482,0.78,108.81,260427,4,12
340,0.439,0.422,8,-17.227,1,0.0409,0.0148,4.84e-05,0.0697,0.551,81.833,236933,4,5
341,0.776,0.763,5,-8.124,1,0.0534,0.182,0.00647,0.077,0.82,128.433,280000,4,0
342,0.575,0.831,9,-5.707,1,0.0372,0.145,0.219,0.256,0.543,111.038,255627,4,12
343,0.62,0.573,0,-11.893,1,0.0423,0.271,0.0,0.0607,0.897,81.548,231333,4,5
344,0.661,0.911,4,-6.571,1,0.0417,0.0557,5.68e-06,0.349,0.919,117.147,333507,4,9
345,0.261,0.703,6,-7.871,1,0.0414,0.115,0.00078,0.102,0.405,83.495,234332,4,5
346,0.418,0.452,1,-13.099,1,0.0356,0.638,0.00026,0.0959,0.168,175.088,218733,4,11
347,0.414,0.428,0,-11.097,1,0.0278,0.382,0.000243,0.148,0.282,145.075,377093,4,3
348,0.504,0.904,6,-6.863,1,0.179,0.356,0.121,0.14,0.772,176.808,183440,4,1
349,0.554,0.315,3,-11.028,1,0.0298,0.828,5.53e-06,0.101,0.325,128.157,241787,4,5
350,0.742,0.863,5,-7.823,1,0.038,0.177,5.59e-06,0.0699,0.776,131.193,271133,4,0
351,0.621,0.8,4,-7.284,0,0.0344,0.0263,1.51e-05,0.0591,0.968,149.91,235440,4,5
352,0.672,0.792,9,-6.436,1,0.0333,0.0175,0.0119,0.313,0.649,146.907,505093,4,2
353,0.742,0.533,0,-9.098,1,0.0288,0.459,0.148,0.064,0.391,97.395,329147,4,9
354,0.567,0.943,6,-7.992,0,0.0387,0.0312,0.0965,0.544,0.965,128.207,199667,4,1
355,0.49,0.581,5,-6.566,1,0.0388,0.553,0.0177,0.0764,0.318,88.718,205480,4,11
356,0.33,0.469,10,-9.286,0,0.0335,0.31,2.3e-06,0.0402,0.433,201.327,292067,4,13
357,0.497,0.349,7,-14.0,1,0.0297,0.0929,0.028,0.259,0.421,113.762,365627,4,3
358,0.799,0.491,1,-17.105,1,0.0891,0.016,0.843,0.094,0.57,117.285,180867,4,1
359,0.475,0.899,9,-4.321,0,0.0637,0.00375,1.91e-05,0.14,0.603,152.445,230667,4,5
360,0.889,0.441,0,-9.506,0,0.0379,0.0405,0.000788,0.038,0.963,110.565,307307,4,13
361,0.478,0.609,6,-13.201,1,0.0275,0.188,0.0,0.47,0.579,96.149,252000,4,12
362,0.654,0.641,8,-9.771,1,0.0482,0.00535,0.00321,0.209,0.794,114.696,247600,4,12
363,0.733,0.726,7,-6.514,1,0.0371,0.379,2.58e-06,0.471,0.915,120.814,197160,4,1
364,0.532,0.663,0,-5.886,0,0.0292,0.425,1.07e-06,0.0734,0.756,75.14,159347,4,7
365,0.42,0.668,1,-7.35,1,0.0517,0.607,0.016,0.0585,0.338,125.391,350573,4,3
366,0.414,0.7,5,-8.838,1,0.0301,0.22,0.000721,0.114,0.37,76.79,308853,4,13
367,0.366,0.468,4,-14.514,0,0.0826,0.537,0.0283,0.0664,0.0506,90.281,335286,4,9
368,0.664,0.414,5,-14.113,1,0.0675,0.864,0.0367,0.0813,0.831,147.883,213236,4,11
369,0.72,0.967,9,-4.434,0,0.0343,0.0289,0.000345,0.142,0.977,129.766,235093,4,5
370,0.565,0.392,2,-10.083,1,0.0268,0.551,0.000106,0.247,0.493,98.485,180480,4,1
371,0.682,0.537,2,-10.254,0,0.0323,0.218,3.07e-05,0.0556,0.963,124.574,356733,4,3
372,0.669,0.703,4,-5.789,0,0.0299,0.06,0.00147,0.0623,0.436,109.48,352760,4,3
373,0.7,0.781,6,-8.255,0,0.0507,0.0874,0.00342,0.059,0.385,108.695,289067,4,13
374,0.584,0.367,6,-9.638,0,0.0328,0.55,1.38e-05,0.0818,0.588,120.175,176293,4,7
375,0.625,0.758,5,-6.213,0,0.0463,0.512,0.00022,0.153,0.695,119.719,251253,4,12
376,0.574,0.96,9,-4.906,1,0.032,0.0457,0.0,0.121,0.978,117.486,254733,4,12
377,0.479,0.601,7,-8.806,1,0.0318,0.0832,0.00142,0.11,0.669,124.966,313027,4,9
378,0.449,0.642,2,-10.527,1,0.0487,0.00608,0.00707,0.175,0.586,113.638,494533,4,2
379,0.471,0.956,9,-6.371,1,0.0403,0.000596,0.62,0.624,0.715,169.798,261813,4,12
380,0.604,0.905,4,-7.059,0,0.0578,0.309,0.0632,0.0837,0.723,147.448,289800,4,13
381,0.541,0.711,9,-13.492,1,0.0383,0.0635,0.0201,0.719,0.588,136.58,291893,4,13
382,0.404,0.902,1,-3.88,1,0.0665,0.577,0.297,0.287,0.497,115.669,423840,4,10
383,0.323,0.839,1,-7.35,1,0.0503,0.315,0.000313,0.348,0.543,136.232,227627,4,5
384,0.636,0.684,3,-9.302,1,0.057,0.52,0.0015,0.534,0.881,132.509,166667,4,7
385,0.703,0.826,10,-7.179,0,0.0341,0.0322,0.00629,0.179,0.945,103.564,285373,4,13
386,0.57,0.973,1,-2.771,1,0.0763,0.0182,0.0,0.203,0.557,129.073,223667,4,11
387,0.541,0.251,2,-11.729,1,0.0329,0.793,0.0,0.228,0.642,134.041,145200,3,14
388,0.81,0.793,6,-9.404,0,0.0403,0.0378,1.77e-06,0.072,0.863,116.05,369627,4,3
389,0.456,0.696,5,-10.0,1,0.0653,0.291,0.000207,0.0853,0.508,142.156,428133,4,10
390,0.586,0.941,5,-5.139,1,0.0375,0.0167,0.000776,0.068,0.831,135.448,223613,4,11
391,0.55,0.824,2,-5.988,1,0.0334,0.448,0.000127,0.366,0.777,114.512,214733,4,11
392,0.365,0.924,4,-7.066,1,0.0488,0.0144,0.000254,0.423,0.632,135.811,296467,4,13
393,0.474,0.917,9,-4.19,1,0.0395,0.582,0.231,0.201,0.902,152.113,241040,4,5
394,0.593,0.783,10,-4.716,1,0.0358,0.0165,7.26e-05,0.167,0.646,141.345,221613,4,11
395,0.586,0.7,0,-9.558,1,0.0363,0.0589,0.00125,0.0318,0.897,147.245,295400,4,13
396,0.724,0.703,5,-14.007,1,0.0498,0.0488,2.69e-06,0.146,0.965,129.985,289893,4,13
397,0.702,0.841,2,-9.837,1,0.045,0.256,0.235,0.0584,0.271,134.919,513000,4,2
398,0.75,0.62,7,-8.72,1,0.0257,0.0932,0.0135,0.0612,0.93,103.538,209467,4,11
399,0.649,0.679,2,-12.515,1,0.0316,0.464,0.00121,0.339,0.971,126.867,220573,4,11
400,0.672,0.72,9,-7.781,1,0.035,0.0373,9.38e-06,0.0371,0.828,118.731,193347,4,1
401,0.82,0.575,7,-9.144,1,0.0408,0.0936,0.000135,0.109,0.964,123.765,208947,4,11
402,0.543,0.715,2,-8.89,1,0.0356,0.0192,0.0,0.256,0.468,124.011,180943,4,1
403,0.531,0.481,4,-11.709,0,0.06,0.699,0.0,0.0842,0.491,138.45,516893,4,2
404,0.589,0.85,2,-6.143,1,0.0343,0.0606,0.779,0.274,0.813,130.318,161467,4,7
405,0.855,0.691,2,-6.51,1,0.0514,0.144,0.0,0.36,0.647,121.472,202733,4,11
406,0.63,0.676,2,-9.19,1,0.0277,0.0101,5.35e-06,0.0628,0.901,89.663,139507,4,14
407,0.628,0.565,0,-9.98,1,0.0385,0.175,0.0693,0.349,0.582,132.302,139160,4,14
408,0.522,0.892,6,-8.472,1,0.0515,0.0239,0.0715,0.295,0.939,166.093,127400,4,14
409,0.634,0.63,1,-8.277,0,0.031,0.447,0.039,0.17,0.489,118.628,270773,4,0
410,0.534,0.803,10,-9.129,1,0.0743,0.741,6.07e-05,0.307,0.969,167.983,161560,4,7
411,0.62,0.872,9,-9.083,1,0.0455,0.0271,0.739,0.253,0.698,129.222,273227,4,0
412,0.667,0.511,0,-11.016,1,0.0292,0.317,0.0,0.135,0.396,82.841,211573,4,11
413,0.619,0.22,0,-13.843,1,0.0672,0.782,1.19e-05,0.124,0.426,75.143,258835,4,12
414,0.705,0.743,1,-6.631,1,0.042,0.432,0.0133,0.103,0.374,118.552,324423,4,9
415,0.633,0.823,5,-5.792,1,0.0287,0.0516,0.000496,0.188,0.444,115.107,330533,4,9
416,0.67,0.365,0,-10.158,1,0.0564,0.525,0.0,0.0575,0.45,119.344,147147,4,14
417,0.56,0.434,4,-14.151,0,0.0729,0.55,0.0,0.346,0.664,112.803,187040,3,1
418,0.574,0.338,6,-11.376,1,0.042,0.845,0.0,0.165,0.493,67.008,199093,4,1
419,0.394,0.622,4,-8.258,0,0.0336,0.213,4.45e-05,0.0892,0.342,126.844,221427,4,11
420,0.38,0.76,9,-10.961,1,0.0378,0.00298,0.0294,0.104,0.491,99.437,274133,4,0
421,0.533,0.905,2,-5.27,1,0.0754,0.00876,0.578,0.0698,0.486,108.9,170813,4,7
422,0.723,0.863,2,-7.89,1,0.0338,0.0383,0.0317,0.128,0.931,136.302,222813,4,11
423,0.676,0.92,9,-7.96,1,0.0435,0.00101,8.65e-06,0.248,0.624,126.341,269360,4,0
424,0.565,0.587,4,-7.393,0,0.0317,0.0573,0.00493,0.0416,0.966,147.462,198467,4,1
425,0.421,0.751,9,-9.584,1,0.0472,0.2,0.0,0.17,0.789,89.839,145867,4,14
426,0.654,0.929,1,-5.906,1,0.0998,0.0468,0.0,0.0539,0.902,144.774,168840,4,7
427,0.691,0.592,2,-8.089,1,0.0366,0.389,3.29e-05,0.124,0.736,115.152,250400,4,12
428,0.476,0.717,9,-9.192,1,0.0949,0.0382,7.61e-05,0.0818,0.753,93.584,166267,4,7
429,0.413,0.725,3,-5.787,0,0.0324,0.369,2.16e-05,0.0905,0.44,124.618,429760,4,10
430,0.491,0.801,4,-9.835,1,0.0361,0.27,0.0,0.0665,0.971,160.109,173947,4,7
431,0.425,0.903,1,-4.801,1,0.0732,0.405,0.0128,0.117,0.769,108.748,190253,4,1
432,0.73,0.868,5,-7.325,1,0.0288,0.0632,0.0661,0.318,0.923,148.217,350400,4,3
433,0.663,0.712,2,-7.268,1,0.0479,0.524,0.0,0.0804,0.527,113.439,236520,4,5
434,0.43,0.682,2,-10.267,1,0.0314,0.0534,0.00329,0.142,0.693,122.304,302493,4,13
435,0.623,0.633,9,-8.212,1,0.0304,0.336,4.6e-05,0.147,0.895,121.119,243827,4,5
436,0.472,0.366,11,-12.595,0,0.0286,0.15,0.312,0.0837,0.171,127.163,382297,4,3
437,0.37,0.919,4,-5.721,1,0.102,0.000376,0.419,0.49,0.471,134.021,344240,4,9
438,0.538,0.969,11,-5.626,0,0.0906,0.417,0.00154,0.119,0.928,138.652,165790,4,7
439,0.637,0.333,3,-9.603,1,0.0262,0.181,0.0,0.147,0.588,84.347,217907,4,11
440,0.758,0.835,7,-5.454,1,0.04,0.0311,0.0103,0.0712,0.836,120.045,258867,4,12
441,0.73,0.794,9,-6.381,1,0.0396,0.12,0.000189,0.138,0.964,117.879,237232,4,5
442,0.429,0.543,5,-9.139,1,0.0347,0.536,2.54e-05,0.125,0.693,122.619,145107,4,14
443,0.537,0.645,9,-12.362,1,0.0308,0.00214,3.21e-05,0.0911,0.848,133.745,254467,4,12
444,0.692,0.711,0,-7.498,0,0.0317,0.225,0.0,0.12,0.875,125.135,216933,4,11
445,0.605,0.482,9,-16.673,1,0.102,0.158,2.04e-05,0.196,0.831,119.819,237267,4,5
446,0.441,0.97,1,-2.1,0,0.0708,0.192,1.68e-06,0.312,0.5,128.289,172671,4,7
447,0.55,0.854,3,-5.968,1,0.036,0.661,0.0,0.112,0.965,159.231,149373,4,14
448,0.533,0.376,9,-11.913,0,0.0393,0.0302,0.248,0.0926,0.187,165.007,259947,4,12
449,0.403,0.525,5,-9.287,1,0.0941,0.393,0.0,0.214,0.58,82.859,226627,4,5
450,0.523,0.51,7,-9.827,0,0.0514,0.0123,8.38e-05,0.108,0.789,120.432,137840,4,14
451,0.557,0.54,9,-10.484,1,0.0347,0.0339,0.00248,0.179,0.394,129.171,185733,4,1
452,0.425,0.462,10,-9.91,1,0.0275,0.442,0.0,0.631,0.36,91.697,151267,4,14
453,0.762,0.722,2,-8.712,1,0.0428,0.0922,0.000368,0.132,0.966,122.769,194667,4,1
454,0.656,0.756,11,-6.516,0,0.0399,0.00785,3.49e-05,0.0927,0.542,118.56,478107,4,2
455,0.443,0.403,0,-8.339,1,0.0322,0.631,0.0,0.111,0.41,143.462,243027,4,5
456,0.651,0.488,9,-8.22,1,0.0316,0.212,0.026,0.136,0.49,113.038,180893,4,1
457,0.479,0.733,0,-8.753,1,0.0256,0.306,2.4e-05,0.414,0.806,99.307,208840,4,11
458,0.48,0.969,9,-7.464,1,0.0854,0.069,0.00022,0.0608,0.494,142.489,163453,4,7
459,0.305,0.298,5,-10.743,1,0.033,0.0115,0.00423,0.266,0.261,141.605,210067,3,11
460,0.663,0.588,0,-14.416,1,0.0405,0.259,0.00626,0.221,0.537,102.738,240800,4,5
461,0.548,0.72,1,-9.777,0,0.0409,0.0686,0.000232,0.107,0.458,140.966,229093,4,5
462,0.64,0.649,2,-10.345,1,0.0264,0.216,8.3e-05,0.0551,0.865,124.825,221053,4,11
463,0.641,0.812,0,-7.945,0,0.0293,0.155,4.43e-05,0.078,0.822,112.777,257333,4,12
464,0.306,0.722,0,-5.963,1,0.034,0.0519,0.0,0.117,0.41,174.732,200293,4,1
465,0.64,0.81,4,-10.19,1,0.033,0.031,2.22e-06,0.0492,0.804,122.868,247293,4,12
466,0.696,0.522,9,-13.219,0,0.0393,0.685,0.195,0.166,0.881,156.478,181093,4,1
467,0.643,0.802,6,-4.92,1,0.0227,0.0299,0.0,0.0719,0.53,95.99,270333,4,0
468,0.62,0.446,1,-14.451,0,0.0347,0.589,0.0299,0.0727,0.868,88.591,155880,4,7
469,0.369,0.758,5,-5.871,1,0.0364,0.623,1.78e-05,0.531,0.663,140.71,288720,4,13
470,0.565,0.645,0,-12.923,1,0.0484,0.0552,2.84e-06,0.151,0.836,99.3,170173,4,7
471,0.702,0.777,2,-4.446,0,0.0347,0.482,0.0,0.0789,0.918,116.819,190467,4,1
472,0.245,0.892,5,-4.223,1,0.0374,0.1,0.00783,0.0938,0.714,146.756,180227,4,1
473,0.7,0.864,7,-3.629,1,0.0283,0.0212,0.0,0.0956,0.887,102.997,297587,4,13
474,0.797,0.105,1,-16.881,1,0.0969,0.885,0.000116,0.108,0.419,122.545,183133,4,1
475,0.614,0.815,7,-5.9,1,0.12,0.0735,1.34e-05,0.563,0.94,161.266,220040,4,11
476,0.589,0.453,7,-8.912,1,0.0397,0.703,2.54e-05,0.134,0.513,139.148,290573,4,13
477,0.798,0.292,0,-17.112,1,0.0777,0.152,0.00101,0.185,0.812,98.653,281160,4,0
478,0.572,0.418,0,-10.738,1,0.0349,0.635,0.0,0.0961,0.694,104.566,165000,4,7
479,0.717,0.527,9,-10.779,1,0.0292,0.567,0.00668,0.0785,0.731,116.288,246667,4,12
480,0.648,0.947,4,-6.617,0,0.0369,0.0114,0.0567,0.105,0.602,113.255,245360,4,5
481,0.598,0.901,2,-6.081,1,0.0359,0.116,0.0401,0.178,0.814,153.24,231120,4,5
482,0.392,0.629,5,-7.056,1,0.0335,0.718,3.76e-06,0.129,0.72,124.511,153205,4,7
483,0.347,0.302,0,-12.104,1,0.0291,0.163,9.17e-05,0.14,0.0332,105.702,703373,4,8
484,0.521,0.516,2,-7.456,0,0.0369,0.723,0.0,0.257,0.569,136.483,172480,4,7
485,0.567,0.745,8,-5.423,1,0.0264,0.402,0.0,0.0873,0.903,125.575,180133,4,1
486,0.388,0.63,9,-6.292,0,0.0453,0.32,0.0,0.0738,0.774,145.931,133760,4,14
487,0.505,0.747,8,-5.422,1,0.0308,0.064,0.00647,0.244,0.529,139.865,223090,4,11
488,0.62,0.628,2,-7.115,1,0.0278,0.76,0.000163,0.24,0.795,106.167,278133,3,0
489,0.547,0.335,4,-9.2,0,0.0307,0.747,0.0,0.101,0.474,115.838,154733,3,7
490,0.545,0.64,4,-9.937,0,0.224,0.00249,0.0304,0.196,0.606,80.544,230480,4,5
491,0.719,0.515,7,-11.168,0,0.113,0.362,1.95e-06,0.11,0.697,104.935,226827,4,5
492,0.505,0.631,9,-10.433,0,0.038,0.0203,2.21e-05,0.141,0.835,118.178,237467,4,5
493,0.545,0.865,11,-5.708,0,0.0286,0.00664,1.1e-05,0.168,0.543,99.009,233933,4,5
494,0.392,0.727,9,-11.913,1,0.155,0.0357,0.000239,0.754,0.365,171.653,161827,4,7
495,0.639,0.596,10,-8.145,0,0.0225,0.331,0.0,0.296,0.427,95.186,238933,4,5
496,0.522,0.682,6,-10.183,1,0.0344,0.29,1.23e-05,0.339,0.529,111.902,261560,4,12
497,0.63,0.489,10,-12.144,1,0.18,0.77,0.0,0.381,0.796,101.876,233813,4,5
498,0.534,0.392,9,-7.636,0,0.0267,0.649,0.000227,0.0948,0.163,90.379,216533,4,11
499,0.79,0.649,5,-7.507,1,0.0265,0.166,8.87e-05,0.092,0.954,113.798,244427,4,5
500,0.543,0.723,2,-5.889,1,0.0332,0.594,0.00316,0.314,0.496,112.061,168400,4,7
501,0.499,0.763,7,-11.617,1,0.0704,0.244,1.4e-05,0.0828,0.895,152.677,234853,4,5
502,0.639,0.893,9,-6.509,1,0.036,0.289,0.00816,0.222,0.966,126.143,351573,4,3
503,0.524,0.177,8,-12.306,1,0.0302,0.865,0.0,0.21,0.466,69.125,179427,4,1
504,0.676,0.448,5,-9.295,1,0.0514,0.79,0.0,0.124,0.867,136.572,147267,4,14
505,0.802,0.23,0,-13.274,0,0.0879,0.964,0.0,0.115,0.556,105.873,184493,3,1
506,0.718,0.543,4,-11.238,1,0.0372,0.0606,0.0988,0.0646,0.37,115.522,286107,4,13
507,0.828,0.492,0,-9.744,1,0.0276,0.0644,0.00428,0.128,0.789,120.151,257800,4,12
508,0.717,0.406,0,-13.954,0,0.0305,0.587,0.103,0.0869,0.703,123.213,204227,4,11
509,0.576,0.906,2,-7.677,1,0.0571,0.000332,0.0614,0.0908,0.211,127.935,323800,4,9
510,0.487,0.488,0,-11.418,1,0.0262,0.00109,0.000671,0.541,0.183,134.62,263920,4,12
511,0.799,0.608,5,-8.193,1,0.0411,0.0811,0.0137,0.102,0.963,121.915,223253,4,11
512,0.446,0.952,6,-5.321,1,0.0523,0.0901,0.0857,0.112,0.624,125.303,356067,4,3
513,0.294,0.641,11,-9.316,1,0.0291,0.0163,0.22,0.112,0.226,79.759,536067,4,2
514,0.668,0.172,0,-13.835,1,0.2,0.871,0.0,0.095,0.573,94.51,135147,4,14
515,0.594,0.919,2,-6.387,1,0.0572,0.0441,9.19e-06,0.178,0.529,126.57,236560,4,5
516,0.415,0.884,5,-7.286,0,0.0634,0.00553,0.0,0.612,0.562,154.514,214707,4,11
517,0.415,0.879,2,-8.634,1,0.064,0.0162,1.19e-05,0.455,0.511,145.027,218027,4,11
518,0.422,0.752,6,-8.682,1,0.0449,0.0366,0.000119,0.129,0.403,120.471,356627,4,3
519,0.492,0.552,7,-12.321,0,0.0341,0.0151,3.74e-05,0.0723,0.655,105.623,257227,4,12
520,0.484,0.508,0,-9.308,1,0.0364,0.376,0.000791,0.0961,0.554,151.867,200173,4,1
521,0.663,0.6,7,-10.87,1,0.032,0.43,0.0,0.184,0.8,129.991,151667,4,14
522,0.737,0.495,1,-13.489,1,0.027,0.0588,9.12e-06,0.0542,0.967,104.409,197147,4,1
523,0.655,0.606,7,-10.385,1,0.0285,0.0603,0.0789,0.0757,0.765,110.061,291686,4,13
524,0.553,0.576,0,-13.458,1,0.0304,0.191,0.00664,0.0365,0.457,109.827,298333,4,13
525,0.622,0.239,5,-18.982,0,0.0447,0.859,0.051,0.109,0.737,79.674,172867,4,7
526,0.651,0.766,0,-9.935,1,0.0299,0.206,0.00103,0.362,0.949,116.74,242107,4,5
527,0.765,0.502,9,-7.393,1,0.0321,0.119,0.0011,0.171,0.836,144.204,289440,4,13
528,0.469,0.538,8,-13.559,1,0.0571,0.305,0.00012,0.37,0.886,196.605,176333,4,7
529,0.723,0.49,9,-14.745,0,0.0296,0.111,0.0946,0.0923,0.795,129.012,252773,4,12
530,0.402,0.552,10,-10.158,1,0.0258,0.028,1.36e-05,0.0929,0.668,145.164,431333,4,10
531,0.354,0.731,2,-9.178,1,0.0382,0.0812,0.00124,0.115,0.697,170.633,471160,4,2
532,0.412,0.658,4,-12.051,0,0.0708,4.52e-05,0.000774,0.176,0.454,163.071,168406,4,7
533,0.368,0.0595,9,-28.603,1,0.036,0.941,0.889,0.0827,0.338,90.127,269027,4,0
534,0.364,0.487,4,-12.888,1,0.0464,0.437,1.28e-06,0.266,0.285,125.271,289803,4,13
535,0.452,0.574,0,-12.452,0,0.0674,0.0191,0.000111,0.112,0.229,142.076,428291,4,10
536,0.503,0.594,11,-13.872,0,0.127,0.013,0.919,0.26,0.452,100.467,150802,4,14
537,0.424,0.662,3,-10.827,1,0.0434,0.00152,0.0241,0.176,0.627,137.347,372145,4,3
538,0.793,0.703,0,-9.548,1,0.0581,0.000726,0.88,0.075,0.856,130.27,450800,4,10
539,0.536,0.854,7,-6.907,1,0.0298,0.0129,0.743,0.156,0.905,122.733,162160,4,7
540,0.791,0.7,11,-6.96,1,0.0297,0.201,0.000312,0.0562,0.8,120.741,279067,4,0
541,0.622,0.43,7,-15.587,1,0.0434,0.863,0.0217,0.118,0.882,148.219,210067,4,11
542,0.554,0.667,1,-10.226,0,0.0342,0.628,0.0,0.0486,0.597,112.749,157960,4,7
543,0.548,0.68,9,-8.675,0,0.0474,0.0148,0.000949,0.0877,0.851,148.494,280333,4,0
544,0.619,0.438,3,-13.139,1,0.0359,0.528,0.000869,0.0623,0.541,73.122,208093,4,11
545,0.682,0.765,1,-5.021,0,0.0395,0.0268,3.42e-05,0.188,0.567,90.807,182747,4,1
546,0.588,0.165,4,-20.076,1,0.0498,0.97,0.000117,0.206,0.605,135.958,110840,4,4
547,0.603,0.276,4,-19.238,1,0.0871,0.911,0.00237,0.484,0.86,99.561,125933,4,14
548,0.699,0.467,4,-8.578,0,0.0375,0.685,0.0,0.315,0.764,119.287,130173,4,14
549,0.526,0.215,4,-20.805,1,0.0382,0.883,0.209,0.208,0.628,140.314,172373,4,7
550,0.607,0.188,8,-12.198,1,0.042,0.937,0.0,0.122,0.672,148.951,126600,3,14
551,0.536,0.696,4,-6.818,0,0.0365,0.134,3.17e-06,0.287,0.683,117.179,214027,4,11
552,0.635,0.684,0,-11.687,1,0.0329,0.088,0.156,0.0755,0.892,120.269,268547,4,0
553,0.589,0.46,9,-14.54,0,0.0511,0.271,4.95e-05,0.224,0.705,148.172,310760,4,13
554,0.411,0.845,4,-6.821,0,0.0835,0.117,0.0146,0.0763,0.391,132.876,515960,4,2
555,0.468,0.607,9,-11.367,1,0.0336,0.072,0.000852,0.225,0.886,98.429,263333,4,12
556,0.641,0.612,2,-8.307,1,0.0361,0.0474,0.0588,0.102,0.854,136.413,184747,4,1
557,0.653,0.519,2,-10.164,1,0.0497,0.406,0.0209,0.101,0.822,98.883,153693,4,7
558,0.544,0.555,5,-7.577,1,0.0354,0.593,1.69e-06,0.0931,0.5,124.344,192427,4,1
559,0.59,0.671,1,-12.484,1,0.154,0.0939,0.0,0.248,0.736,109.333,200267,4,1
560,0.679,0.741,11,-7.596,1,0.0494,0.134,0.207,0.0985,0.363,130.033,294773,4,13
561,0.749,0.497,10,-12.609,0,0.105,0.41,0.0499,0.0504,0.585,95.818,438493,4,10
562,0.545,0.454,3,-6.706,1,0.0302,0.566,0.0,0.0541,0.393,96.784,173173,4,7
563,0.587,0.617,7,-9.164,1,0.028,0.0197,0.639,0.199,0.947,100.495,191307,4,1
564,0.581,0.28,4,-9.091,0,0.0381,0.936,1.56e-05,0.305,0.813,137.831,126533,4,14
565,0.39,0.502,10,-12.277,1,0.178,0.336,0.000138,0.0713,0.289,97.871,247320,4,12
566,0.358,0.845,0,-5.654,1,0.069,0.719,0.00646,0.832,0.954,175.44,136413,4,14
567,0.304,0.657,0,-13.567,1,0.0824,0.787,0.954,0.113,0.102,120.338,162133,4,7
568,0.202,0.791,2,-1.814,1,0.0435,0.125,0.0228,0.125,0.522,174.872,198760,4,1
569,0.633,0.885,2,-7.519,1,0.0337,0.234,0.00114,0.169,0.965,148.394,175667,4,7
570,0.846,0.573,9,-10.797,1,0.212,0.312,0.0429,0.117,0.876,113.968,156320,4,7
571,0.329,0.974,3,-8.77,0,0.135,0.000852,0.000118,0.0904,0.234,140.862,166920,4,7
572,0.407,0.834,6,-9.224,1,0.208,0.0734,0.00021,0.241,0.71,121.38,205293,4,11
573,0.625,0.835,9,-6.476,0,0.0491,0.0831,0.0842,0.0999,0.876,118.641,662773,4,8
574,0.455,0.437,4,-11.411,1,0.0278,0.314,0.0,0.501,0.724,81.396,283640,4,0
575,0.531,0.925,1,-5.004,0,0.0399,0.11,0.031,0.0798,0.881,200.934,251453,4,12
576,0.652,0.609,9,-9.684,0,0.028,0.298,8.79e-06,0.0573,0.646,98.125,230107,4,5
577,0.581,0.78,4,-7.053,1,0.0567,0.508,1.07e-05,0.0799,0.561,123.711,203680,4,11
578,0.529,0.968,9,-5.198,1,0.0503,0.00506,0.00034,0.201,0.751,150.326,302627,4,13
579,0.676,0.695,11,-13.395,0,0.0392,0.326,1.09e-05,0.0462,0.691,114.93,236800,4,5
580,0.541,0.81,0,-11.745,1,0.0367,0.000975,0.00158,0.0681,0.647,155.582,251573,4,12
581,0.625,0.686,9,-8.337,0,0.0309,0.0154,0.0499,0.0932,0.556,139.817,211693,4,11
582,0.259,0.473,5,-8.275,1,0.0295,0.592,0.0,0.201,0.539,90.348,157867,4,7
583,0.713,0.258,9,-14.59,1,0.0384,0.877,0.00606,0.0967,0.56,98.805,176533,4,7
584,0.671,0.373,9,-18.064,1,0.0323,0.257,8.01e-05,0.0481,0.732,92.718,295893,4,13
585,0.602,0.877,4,-6.606,1,0.0515,0.000343,0.635,0.0551,0.617,123.679,247962,4,12
586,0.513,0.979,0,-6.362,1,0.0425,0.0195,0.0951,0.0906,0.94,152.875,295466,4,13
587,0.673,0.84,2,-9.904,1,0.0693,0.193,0.000113,0.295,0.887,142.402,216787,4,11
588,0.359,0.981,7,-3.622,0,0.303,0.00125,0.00236,0.284,0.271,178.98,282653,4,0
589,0.628,0.934,11,-6.026,1,0.0527,0.00682,1.11e-05,0.0852,0.491,126.538,265893,4,0
590,0.257,0.452,7,-12.365,1,0.0349,0.744,0.0996,0.38,0.271,83.553,233901,1,5
591,0.453,0.895,2,-9.143,1,0.0649,0.0348,0.00128,0.299,0.446,128.313,210227,4,11
592,0.272,0.219,0,-9.767,1,0.0305,0.938,0.00086,0.263,0.374,74.697,203773,4,11
593,0.579,0.824,6,-8.71,0,0.03,0.00206,0.00903,0.059,0.635,123.331,331573,4,9
594,0.678,0.386,9,-15.991,1,0.0464,0.0686,0.109,0.108,0.552,117.303,314667,4,9
595,0.546,0.578,2,-8.745,1,0.0406,0.0114,6.54e-05,0.0692,0.819,128.037,238907,4,5
596,0.67,0.591,7,-6.012,1,0.0646,0.62,0.0,0.373,0.8,91.439,217613,4,11
597,0.504,0.578,4,-9.302,1,0.031,0.408,0.0,0.321,0.654,132.411,174840,4,7
598,0.434,0.563,11,-6.784,1,0.0268,0.0197,0.000824,0.128,0.275,104.183,235373,4,5
599,0.635,0.795,7,-5.313,1,0.0269,0.0514,3.08e-06,0.0751,0.628,115.23,283667,4,0
600,0.795,0.673,5,-6.938,1,0.0327,0.687,0.0,0.344,0.981,105.716,142067,4,14
601,0.779,0.212,10,-9.759,0,0.0362,0.759,0.959,0.235,0.444,94.675,145333,3,14
602,0.7,0.726,2,-7.717,1,0.0329,0.434,1.1e-06,0.0963,0.641,130.109,243267,4,5
603,0.458,0.843,4,-7.201,1,0.0316,0.00135,0.000296,0.778,0.713,105.701,228427,4,5
604,0.667,0.655,2,-9.339,0,0.0367,0.0491,0.000894,0.0641,0.657,134.212,506400,4,2
605,0.703,0.895,9,-4.002,0,0.029,0.0367,6.61e-05,0.307,0.965,141.558,169693,4,7
606,0.534,0.471,8,-9.571,1,0.19,0.608,0.0,0.0637,0.89,185.398,140560,4,14
607,0.475,0.322,7,-10.687,1,0.0283,0.367,0.00056,0.11,0.387,93.503,206267,4,11
608,0.45,0.442,9,-12.718,0,0.0353,0.493,0.00564,0.134,0.812,208.282,233173,4,5
609,0.443,0.959,4,-4.06,1,0.0888,0.0302,0.000555,0.219,0.451,93.791,338867,4,9
610,0.857,0.602,10,-8.311,1,0.029,0.489,0.0244,0.317,0.957,105.157,239627,4,5
611,0.537,0.815,2,-6.208,1,0.0348,0.000418,0.807,0.194,0.691,145.424,219907,4,11
612,0.438,0.805,8,-6.237,1,0.0624,0.00255,5.69e-05,0.0842,0.564,113.253,240800,4,5
613,0.534,0.725,6,-7.576,0,0.0332,0.188,0.0,0.0994,0.763,95.003,139560,4,14
614,0.451,0.364,9,-13.126,1,0.0436,0.469,0.0,0.197,0.298,154.206,444053,4,10
615,0.617,0.768,0,-8.911,1,0.0628,0.0168,1.65e-06,0.576,0.67,138.861,218867,4,11
616,0.787,0.588,6,-14.228,0,0.0355,0.0192,0.0205,0.347,0.803,115.513,245600,4,5
617,0.65,0.306,9,-9.443,1,0.0393,0.57,7.07e-06,0.0707,0.605,118.068,180056,4,1
618,0.697,0.809,9,-8.197,1,0.0302,0.114,0.000521,0.183,0.98,125.941,214827,4,11
619,0.583,0.905,2,-6.132,1,0.0733,0.0984,0.00019,0.0593,0.646,173.982,226827,4,5
620,0.572,0.214,7,-15.625,1,0.0293,0.649,0.129,0.125,0.485,95.542,225027,4,11
621,0.73,0.639,7,-11.025,0,0.0524,0.0853,0.00221,0.102,0.658,94.395,263747,4,12
622,0.632,0.556,9,-10.138,1,0.0288,0.29,0.0215,0.0779,0.633,104.996,211667,4,11
623,0.597,0.554,11,-14.144,0,0.0425,0.029,0.0,0.0766,0.963,117.835,133200,4,14
624,0.754,0.571,2,-8.547,1,0.0421,0.0173,0.0,0.3,0.82,122.463,148893,4,14
625,0.629,0.677,1,-7.239,1,0.0299,0.122,9.72e-06,0.0962,0.627,132.783,195000,4,1
626,0.742,0.471,0,-10.767,1,0.0326,0.134,0.0903,0.284,0.815,124.95,354240,4,3
627,0.476,0.722,0,-10.017,1,0.0646,0.598,0.0,0.184,0.909,92.966,119800,4,14
628,0.571,0.863,4,-7.661,0,0.048,0.257,0.0,0.532,0.782,94.299,179667,4,1
629,0.49,0.758,7,-6.491,1,0.0297,0.000671,0.484,0.092,0.435,112.114,371413,4,3
630,0.581,0.624,9,-8.346,1,0.0777,0.0987,0.0,0.0411,0.637,139.714,151293,4,14
631,0.817,0.716,6,-8.898,0,0.144,0.0427,0.00263,0.358,0.692,123.474,224693,4,11
632,0.59,0.787,7,-5.766,1,0.0512,6.94e-06,0.845,0.0293,0.598,111.926,287720,4,13
633,0.806,0.7,0,-5.269,0,0.0752,0.00196,0.891,0.267,0.892,111.215,328680,4,9
634,0.58,0.791,11,-7.604,0,0.324,0.196,0.00326,0.0793,0.343,83.323,222107,4,11
635,0.804,0.451,6,-8.207,1,0.0949,0.388,2.17e-05,0.0924,0.19,178.061,251293,4,12
636,0.516,0.513,2,-10.762,1,0.0288,0.159,0.00957,0.0612,0.694,99.735,293933,4,13
637,0.362,0.496,4,-11.532,1,0.0351,0.94,0.917,0.135,0.272,73.557,98116,4,4
638,0.379,0.343,10,-12.993,1,0.0385,0.806,0.0,0.0991,0.694,184.301,179173,4,1
639,0.419,0.36,7,-15.375,1,0.058,0.234,0.000432,0.207,0.232,153.974,190933,5,1
640,0.54,0.429,2,-11.822,1,0.0285,0.000202,0.355,0.141,0.113,110.171,295516,4,13
641,0.571,0.953,3,-5.002,1,0.0568,0.124,5.57e-06,0.35,0.682,135.599,169027,4,7
642,0.714,0.377,5,-14.541,0,0.0836,0.989,1.08e-05,0.0869,0.88,107.828,137173,4,14
643,0.539,0.828,4,-9.108,0,0.035,0.00067,0.421,0.154,0.562,105.25,515387,4,2
644,0.601,0.703,7,-6.24,1,0.0379,0.175,8.4e-05,0.571,0.673,106.164,196213,4,1
645,0.747,0.446,7,-13.258,0,0.0989,0.612,0.000109,0.179,0.787,96.636,278347,4,0
646,0.792,0.297,0,-16.129,1,0.0635,0.764,1.12e-06,0.173,0.583,103.066,289667,4,13
647,0.506,0.18,0,-12.184,1,0.0443,0.908,2.35e-06,0.0652,0.665,161.51,198107,4,1
648,0.631,0.354,1,-11.112,1,0.0313,0.795,0.000107,0.0879,0.522,73.007,188693,4,1
649,0.574,0.469,2,-11.53,1,0.0403,0.733,1.96e-06,0.856,0.435,111.378,245693,4,5
650,0.665,0.686,0,-5.849,1,0.0268,0.0518,0.000176,0.174,0.275,96.848,185694,3,1
651,0.546,0.468,5,-8.167,1,0.0287,0.153,0.00257,0.321,0.416,73.372,177493,4,7
652,0.466,0.548,0,-8.321,1,0.0252,0.0928,0.0,0.293,0.439,109.964,237973,4,5
653,0.629,0.876,0,-10.141,1,0.0444,0.0864,7.72e-05,0.0431,0.358,118.01,220960,4,11
654,0.543,0.759,0,-8.792,1,0.028,0.0578,2.26e-06,0.977,0.697,116.005,216413,4,11
655,0.431,0.723,8,-5.887,1,0.0568,0.145,0.0,0.374,0.19,130.141,267360,4,0
656,0.723,0.596,9,-13.436,1,0.0308,0.0187,0.00513,0.16,0.962,128.068,249947,4,12
657,0.787,0.516,7,-12.792,1,0.0332,0.66,1.1e-05,0.293,0.882,108.19,286667,4,13
658,0.656,0.462,11,-14.072,0,0.0373,0.518,0.000137,0.091,0.642,116.049,271093,4,0
659,0.427,0.459,9,-12.442,0,0.0332,0.116,0.000103,0.132,0.383,129.878,293440,4,13
660,0.356,0.982,4,-1.574,0,0.112,0.713,0.00145,0.941,0.299,95.754,110093,4,4
661,0.651,0.653,0,-9.731,1,0.0545,0.365,0.000117,0.0742,0.729,164.912,164653,4,7
662,0.412,0.902,9,-11.6,1,0.405,0.0484,0.131,0.405,0.422,89.74,333893,4,9
663,0.267,0.78,7,-8.777,1,0.055,0.053,0.192,0.271,0.674,144.292,330107,4,9
664,0.605,0.691,9,-10.57,1,0.0337,0.467,0.742,0.441,0.965,123.288,231787,4,5
665,0.539,0.866,0,-8.404,1,0.0483,0.0866,0.00414,0.0953,0.761,130.345,372893,4,3
666,0.393,0.364,5,-10.945,0,0.0345,0.0021,0.0703,0.121,0.308,118.566,444148,3,10
667,0.505,0.608,7,-5.137,0,0.0756,0.0752,0.0,0.137,0.85,185.25,60672,4,4
668,0.818,0.705,6,-6.679,1,0.177,0.00836,0.00233,0.613,0.772,138.559,222640,4,11
669,0.66,0.527,9,-10.714,1,0.0671,0.0212,0.303,0.0636,0.441,139.688,231627,4,5
670,0.606,0.457,6,-14.035,0,0.0497,0.713,2.53e-05,0.0747,0.813,92.033,244027,4,5
671,0.482,0.849,2,-9.198,1,0.0452,0.641,7.74e-06,0.0414,0.937,124.631,155227,4,7
672,0.293,0.951,4,-5.846,1,0.0652,0.00345,0.916,0.572,0.561,173.439,136093,4,14
673,0.735,0.72,1,-7.04,1,0.336,0.00105,0.15,0.382,0.364,124.174,403293,4,10
674,0.633,0.621,10,-11.494,1,0.0313,0.042,0.0172,0.186,0.593,113.325,276000,3,0
675,0.427,0.201,8,-13.044,1,0.0317,0.745,0.263,0.109,0.0668,105.218,232147,4,5
676,0.5,0.681,0,-9.556,1,0.0672,0.114,4.01e-05,0.139,0.745,119.46,263333,4,12
677,0.594,0.889,5,-7.775,1,0.246,0.768,0.0,0.124,0.8,116.187,221704,4,11
678,0.538,0.607,9,-5.261,0,0.216,0.248,5.54e-06,0.0999,0.515,175.424,160613,4,7
679,0.547,0.287,6,-12.28,1,0.149,0.514,0.774,0.119,0.177,120.792,112960,4,4
680,0.415,0.873,0,-4.758,1,0.0404,0.0075,7.83e-06,0.112,0.889,156.074,142200,4,14
681,0.46,0.567,8,-5.873,1,0.0456,0.129,1.81e-05,0.155,0.248,98.652,283640,4,0
682,0.768,0.541,0,-9.732,1,0.41,0.275,0.0,0.38,0.691,84.045,270253,4,0
683,0.618,0.648,2,-7.098,1,0.0287,0.00416,0.0668,0.171,0.346,129.917,210510,4,11
684,0.617,0.485,5,-8.227,0,0.115,0.868,3.44e-05,0.115,0.845,82.228,158573,4,7
685,0.547,0.469,9,-10.611,0,0.0238,0.049,0.000276,0.094,0.283,89.022,240468,4,5
686,0.749,0.601,0,-13.553,0,0.115,0.814,0.548,0.099,0.676,131.657,155373,4,7
687,0.357,0.331,5,-11.66,1,0.0294,0.61,0.0396,0.0952,0.147,150.315,132949,4,14
688,0.764,0.48,0,-13.63,1,0.0819,0.416,0.316,0.107,0.705,110.175,170667,4,7
689,0.641,0.725,7,-7.376,1,0.039,0.16,0.00321,0.648,0.808,112.529,170133,4,7
690,0.746,0.473,2,-14.567,0,0.142,0.375,0.00562,0.0629,0.247,110.527,315920,4,9
691,0.278,0.427,2,-8.688,1,0.0311,0.351,0.0,0.145,0.243,150.836,276253,4,0
692,0.531,0.626,0,-13.371,1,0.0452,0.0606,0.0,0.0767,0.746,88.236,227693,4,5
693,0.509,0.928,2,-5.833,1,0.0329,0.189,1.41e-06,0.269,0.736,107.921,213150,4,11
694,0.528,0.875,1,-5.912,1,0.0436,0.0145,0.0,0.138,0.479,136.83,209206,4,11
695,0.552,0.947,2,-4.671,1,0.15,0.000652,0.00025,0.0637,0.465,127.631,282747,4,0
696,0.393,0.588,9,-6.68,0,0.0613,0.345,0.0,0.134,0.728,203.145,186333,4,1
697,0.487,0.382,7,-10.889,1,0.0309,0.0422,4.74e-06,0.411,0.714,116.557,261280,4,12
698,0.62,0.604,7,-9.088,0,0.0261,0.0133,0.102,0.104,0.857,126.576,216627,4,11
699,0.339,0.34,11,-14.377,1,0.0385,0.657,0.459,0.375,0.117,142.362,419133,4,10
700,0.374,0.719,0,-9.336,1,0.177,0.0141,0.000344,0.132,0.671,184.18,384107,4,3
701,0.317,0.887,9,-7.292,1,0.0375,0.000582,0.00258,0.0891,0.871,169.613,220561,4,11
702,0.599,0.744,7,-8.72,1,0.0316,0.131,0.00275,0.0795,0.723,91.259,351267,4,3
703,0.537,0.893,9,-10.234,0,0.0636,0.15,0.000286,0.0688,0.588,163.727,261773,4,12
704,0.193,0.498,7,-9.901,1,0.0381,0.107,0.00711,0.332,0.344,205.422,190333,3,1
705,0.381,0.186,4,-15.477,1,0.029,0.613,2.75e-06,0.0694,0.142,65.058,201000,4,1
706,0.438,0.349,4,-15.569,1,0.038,0.338,5.7e-05,0.417,0.683,124.984,163587,4,7
707,0.798,0.511,10,-14.078,1,0.034,0.658,0.00285,0.142,0.962,91.568,125667,4,14
708,0.518,0.431,2,-15.028,1,0.0519,0.41,0.00608,0.343,0.745,127.953,161267,4,7
709,0.455,0.063,0,-21.191,0,0.0387,0.946,0.000131,0.1,0.208,125.392,171907,4,7
710,0.407,0.564,0,-9.992,1,0.0278,0.196,0.000859,0.282,0.352,105.74,299267,4,13
711,0.644,0.523,2,-11.257,1,0.0306,0.312,0.267,0.0717,0.575,115.607,228653,4,5
712,0.676,0.703,8,-5.815,0,0.0302,0.0869,0.000687,0.0463,0.852,92.761,200173,4,1
713,0.629,0.795,6,-6.02,1,0.0278,0.136,5.44e-06,0.132,0.6,110.583,190080,3,1
714,0.68,0.543,5,-14.876,1,0.141,0.857,0.000116,0.0881,0.796,111.62,230600,4,5
715,0.834,0.559,8,-9.366,0,0.0603,0.614,0.00434,0.0839,0.874,119.422,363413,4,3
716,0.589,0.384,10,-15.075,0,0.0332,0.112,2.8e-05,0.0596,0.354,132.909,256427,4,12
717,0.466,0.588,5,-10.666,0,0.0812,0.285,9.94e-06,0.0535,0.882,156.131,209360,4,11
718,0.474,0.365,0,-5.446,1,0.0306,0.251,2.02e-06,0.186,0.219,113.207,159547,3,7
719,0.356,0.917,9,-6.006,1,0.0479,0.0335,0.0,0.406,0.518,171.176,357267,4,3
720,0.396,0.452,7,-8.809,1,0.0326,0.814,0.0,0.192,0.307,103.264,178733,4,1
721,0.521,0.487,6,-7.525,0,0.0299,0.253,0.0,0.0579,0.483,117.072,173040,4,7
722,0.513,0.775,11,-5.136,0,0.0284,0.0929,0.0,0.404,0.518,112.202,149360,4,14
723,0.556,0.855,0,-6.901,1,0.0403,0.174,0.00381,0.261,0.721,117.248,223465,4,11
724,0.243,0.813,9,-8.809,1,0.102,0.0523,0.21,0.188,0.471,187.617,376267,4,3
725,0.659,0.66,0,-8.337,1,0.0441,0.627,0.000217,0.136,0.672,116.634,146360,4,14
726,0.412,0.54,7,-13.897,1,0.0516,0.0582,0.0717,0.0849,0.299,96.783,289360,4,13
727,0.503,0.265,2,-15.913,1,0.0333,0.943,0.045,0.0867,0.522,78.044,212161,4,11
728,0.579,0.0416,9,-18.003,1,0.0322,0.985,0.000326,0.105,0.363,85.58,163979,4,7
729,0.298,0.895,9,-7.647,0,0.0547,0.0283,0.00574,0.305,0.544,173.737,368507,4,3
730,0.55,0.878,9,-7.021,1,0.0371,0.176,8.59e-06,0.392,0.754,151.585,334000,4,9
731,0.31,0.893,2,-6.102,1,0.107,0.119,0.0176,0.248,0.427,126.343,168973,4,7
732,0.783,0.322,0,-15.091,1,0.0343,0.213,0.00243,0.114,0.77,128.226,267773,4,0
733,0.623,0.876,11,-7.788,1,0.066,0.0189,0.0134,0.0728,0.515,124.431,217347,4,11
734,0.518,0.454,9,-9.208,1,0.028,0.0531,0.0,0.112,0.216,107.689,195040,4,1
735,0.686,0.127,7,-14.361,1,0.0342,0.754,1.41e-05,0.0573,0.372,93.699,138387,4,14
736,0.414,0.161,7,-22.32,0,0.0318,0.883,0.000223,0.117,0.423,159.375,199493,4,1
737,0.857,0.468,1,-8.53,1,0.0476,0.00414,1.32e-05,0.269,0.843,89.119,183733,4,1
738,0.474,0.387,2,-14.416,0,0.0305,0.642,0.00557,0.143,0.545,118.486,241347,4,5
739,0.709,0.305,9,-14.809,0,0.0397,0.687,0.0,0.265,0.483,118.821,169533,4,7
740,0.665,0.31,2,-8.928,1,0.0278,0.68,0.0,0.0877,0.568,108.211,139467,4,14
741,0.367,0.779,9,-8.334,1,0.0488,0.00574,0.00708,0.288,0.794,90.354,191827,4,1
742,0.588,0.301,0,-14.979,1,0.0294,0.221,0.00236,0.128,0.19,112.458,278441,4,0
743,0.585,0.371,1,-7.398,1,0.036,0.508,0.0,0.0957,0.625,127.291,222147,4,11
744,0.368,0.917,6,-4.829,0,0.0772,0.147,0.000121,0.169,0.343,110.455,230760,4,5
745,0.315,0.628,5,-11.904,0,0.0725,0.0893,0.000663,0.109,0.931,190.668,299640,4,13
746,0.599,0.691,4,-4.571,1,0.0301,0.0489,0.0,0.0835,0.729,131.578,215853,4,11
747,0.598,0.797,7,-6.793,1,0.0332,0.0424,0.000407,0.0717,0.622,123.566,147493,4,14
748,0.493,0.516,2,-13.071,1,0.0295,0.00072,0.229,0.121,0.621,139.865,227867,4,5
749,0.306,0.398,6,-12.767,1,0.0412,0.0857,6.02e-05,0.0756,0.0948,85.622,191828,4,1
750,0.34,0.472,9,-12.939,1,0.0473,0.275,0.0,0.0843,0.533,78.086,283973,4,0
751,0.316,0.27,7,-14.429,1,0.059,0.171,0.00225,0.165,0.0956,78.476,289467,4,13
752,0.544,0.4,2,-12.504,1,0.0439,0.526,0.0378,0.0716,0.264,76.982,391400,4,3
753,0.493,0.593,2,-13.3,0,0.0613,0.252,0.891,0.0733,0.841,93.397,98373,4,4
754,0.869,0.648,11,-8.698,0,0.0633,0.121,2.17e-05,0.126,0.9,125.035,339320,4,9
755,0.802,0.756,2,-10.791,0,0.0349,0.0843,0.00765,0.0521,0.963,131.715,288293,4,13
756,0.453,0.59,7,-10.393,1,0.0304,0.1,0.00398,0.0882,0.823,172.028,190200,4,1
757,0.524,0.424,4,-18.098,0,0.0401,0.00916,0.151,0.133,0.422,130.054,259800,5,12
758,0.639,0.554,9,-15.648,1,0.026,0.242,0.00434,0.112,0.932,105.055,286776,4,13
759,0.443,0.294,7,-14.801,1,0.0296,0.72,0.000149,0.0997,0.492,115.376,175827,4,7
760,0.532,0.459,9,-10.329,1,0.0307,0.172,6.61e-05,0.0472,0.597,98.196,659267,4,8
761,0.78,0.693,9,-9.429,1,0.0487,0.0551,0.128,0.0464,0.899,119.476,253973,4,12
762,0.525,0.501,1,-14.192,1,0.0318,0.16,0.025,0.146,0.333,108.291,257346,4,12
763,0.564,0.959,11,-13.125,0,0.0691,0.0146,0.638,0.208,0.834,101.239,137133,4,14
764,0.549,0.45,0,-14.252,1,0.0681,0.374,0.000409,0.147,0.464,112.125,144933,4,14
765,0.59,0.546,7,-10.213,1,0.0436,0.301,0.0,0.0936,0.855,114.04,168640,4,7
766,0.792,0.62,1,-6.204,0,0.0344,0.123,4.12e-05,0.0548,0.843,123.933,293933,4,13
767,0.675,0.496,9,-13.313,0,0.046,0.0677,0.000813,0.209,0.712,102.581,514640,4,2
768,0.566,0.688,7,-7.507,1,0.071,0.441,0.0,0.0553,0.95,147.274,180520,4,1
769,0.567,0.32,2,-18.386,0,0.036,0.345,2.51e-06,0.316,0.529,76.58,392267,4,3
770,0.694,0.631,9,-7.575,0,0.0284,0.436,5.74e-05,0.487,0.885,119.626,251680,4,12
771,0.486,0.449,5,-10.298,1,0.0267,0.166,2.23e-06,0.54,0.549,100.456,254293,4,12
772,0.373,0.869,4,-7.719,1,0.0554,0.164,7.76e-06,0.605,0.696,184.024,221400,4,11
773,0.367,0.609,9,-11.221,0,0.0457,0.301,0.0243,0.196,0.443,149.386,210547,4,11
774,0.337,0.886,4,-8.607,1,0.098,0.0716,0.00156,0.204,0.648,177.713,242640,4,5
775,0.453,0.776,0,-9.937,1,0.0432,0.162,3.81e-05,0.349,0.568,85.992,289587,4,13
776,0.298,0.581,4,-8.133,0,0.0289,0.381,0.0224,0.172,0.26,89.285,383973,4,3
777,0.565,0.603,4,-9.533,1,0.0287,0.0612,0.00144,0.0666,0.489,126.984,251440,4,12
778,0.679,0.374,11,-10.565,0,0.0482,0.402,2.49e-05,0.0541,0.871,80.86,306800,4,13
779,0.496,0.509,7,-15.252,1,0.0326,0.00754,0.00532,0.061,0.851,92.983,217427,4,11
780,0.783,0.878,1,-3.864,0,0.0308,0.39,0.000778,0.0426,0.885,100.626,265173,4,12
781,0.411,0.763,9,-6.738,0,0.0541,0.199,0.00447,0.329,0.462,121.57,186560,4,1
782,0.584,0.708,5,-10.039,1,0.0593,0.0264,0.00364,0.112,0.564,137.657,226200,4,5
783,0.513,0.442,4,-13.529,1,0.0343,0.00731,0.000838,0.0878,0.243,81.201,229227,4,5
